tweet_text,tweet_lang,tweet_created_at,match_id
"@lanajalaleng @_Crazy2k_ @FIFAWorldCup Argentina goals boring 😂😂😂😂😂😂😂😂😂😂😂 THAT FIRST GOAL WAS A MASTERPIECE OF MESSI, NOBODY CAN EVEN THINK OF THAT PASS, EVEN INCLUDING DE BRUYNE.",es,2022-12-11 07:43:56+00:00,2022-12-09_netherlands_argentina
"What a world cup he is having!
5 goals 
3 assists .
#Messi𓃵 #ArgentinaVsCroatia #WorldcupQatar2022 #Messi𓃵day https://t.co/5XOI8yywAh",es,2022-12-13 21:34:03+00:00,2022-12-09_netherlands_argentina
"GOAL!!! 
Argentina 2-0 France 
Me I am rooting for Argentina 🇦🇷 make them carry the world cup ooo !
#FIFAWorldCup #ArgentinaVsFrance #WorldCup",es,2022-12-18 15:41:10+00:00,2022-12-09_netherlands_argentina
@Edeslouis2S @KampurireJ @piersmorgan You who knows everything i shd remind you that Messi has 5 goals 90% of whom are penalties secondly in history of the World Cup Argentina has been rewarded the most penalties in this World Cup than any other team has ever,es,2022-12-18 12:56:10+00:00,2022-12-09_netherlands_argentina
@h2k04x @siralexwengee @goal It was rigged asl Argentina got a penalty every games except for 2 even fifa called it even before the World Cup it was france v argentina In the final so many news outlets called it to their are pictures and everything,es,2022-12-22 07:25:24+00:00,2022-12-09_netherlands_argentina
"I was all night awake just for Argentina and saw some crazy events: Argentina goes to the finals
Messi gets the title for most goals scored in the World Cup 2022 11 goals. Man Messi is officially the G.O.A.T. write it in every sports newspaper they have https://t.co/01MyhgvaO2",es,2022-12-13 21:14:34+00:00,2022-12-09_netherlands_argentina
"Unreal Scenes, France is back in the game with 02 back to back goals!

#WorldCup #ArgentinaVsFrance #FIFAWorldCupFinal #Qatar2022 #Messi𓃵 #Qatar2022 #QatarWorldCup #FRAARG #ARGFRA #FIFAWorldCupFinal #Mbappe https://t.co/3zTtSghwcw",es,2022-12-18 17:00:43+00:00,2022-12-09_netherlands_argentina
Di Maria getting emotional after his goal #WorldCup #ArgentinaVsFrance #FIFAWorldCup #Dimaria https://t.co/AWgnSWiKrV,es,2022-12-18 15:40:28+00:00,2022-12-09_netherlands_argentina
"LIONEL MESSI!!! WHAT A GOAL IN THE WORLD CUP FINAL!!! 🔥🐐
#ArgentinaVsFrance #FIFAWorldCup #Messi𓃵 https://t.co/04VZlDUO4f",es,2022-12-18 15:28:10+00:00,2022-12-09_netherlands_argentina
"🇦🇷🇫🇷 This is the 4th time France &amp; Argentina will be meeting at the FIFA #WorldCup;

🏆1930🇫🇷0-1🇦🇷-Group Stage
🏆1978🇦🇷2-1🇫🇷-Group Stage
🏆2018🇫🇷4-3🇦🇷-Last 16

🏟️The last time,France &amp; Argentina met at the World Cup.We had 7 goals.
#DStvChachishaMexhi
#ArgentinaVsFrance https://t.co/4u680s10oe",es,2022-12-18 15:59:18+00:00,2022-12-09_netherlands_argentina
"@Barca_Buzz - Messi
- Luis Chávez free Kick goal vs Saudi Arabia
- Argentina v The Netherlands
- Messi lifting the world cup
- Thomas Müller (because of his pedigree at this tournament)
- Germany
- Morocco's run.",es,2022-12-18 20:10:50+00:00,2022-12-09_netherlands_argentina
"Who remembers that Piers Morgan interview.

Piers to Ronaldo: Argentina V Portugal, you score 2, Messi scores 2, 94th minute you score your hattrick and win the World Cup.
Jideoffor was now smiling like say e go score open play goal.",es,2022-12-10 19:48:38+00:00,2022-12-09_netherlands_argentina
"@Dreamvillenaes1 @hatiperi_wacho messi didn't just win the world cup he also won player of the tournament with 5 man of the Match awards, with more assists and 1 goal away from being a top goalscorer. What explanation do you still need. He actually carried Argentina. who played better than Messi?",es,2022-12-19 07:07:11+00:00,2022-12-09_netherlands_argentina
"Fun fact: if we exclude undeserved pens Argentina had this World Cup, Messi only has 2 goals. https://t.co/cJ0HNwkKV2",es,2022-12-19 18:59:10+00:00,2022-12-09_netherlands_argentina
"1 more GOAL for #Argentina 🇦🇷❤

Please...❤⚽🇦🇷

#ArgentinaVsFrance #WorldCup #ARGFRA #FIFAWorldCup #Messi𓃵 #FIFAWorldCupFinal #Qatar2022",es,2022-12-18 17:27:21+00:00,2022-12-09_netherlands_argentina
"In what is now known as the '#FinalfortheAges', #Argentina won its third World Cup title after defeating #France 4-2 in a penalty shoot-out. The win came after a 3-3 draw in which #Messi scored two goals, while #KylianMbappé, the French forward, scored a hat trick.

#Cyberpark https://t.co/TG1q9JdFTf",es,2022-12-19 05:39:38+00:00,2022-12-09_netherlands_argentina
"- Croatia is the 4th team in World Cup history to advance after trailing in extra time and 1st since Sweden in the 1994 Quarterfinals...

- Messi tied Gabriel Batistuta for most World Cup goals for Argentina (10)...

____
#FIFAWorldCup - Tuesday 12/13:

#ARG vs #HRV",es,2022-12-10 05:47:35+00:00,2022-12-09_netherlands_argentina
"#LionelMessi𓃵 became the first player in FIFA World Cup history to win 2 Golden Ball awards. 2014 World Cup Golden Ball winner - Messi - finished 2022 campaign with 7 goals &amp; 3 assists. In the final, Messi scored a brace as Argentina prevailed on penalties post a 3-3 draw. 2/8",es,2022-12-20 07:29:46+00:00,2022-12-09_netherlands_argentina
"#ARGFRA today's the day, world cup final.
Both teams are very good, but Argentina will probably just shade it. What I really do hope for is a great game with lots of goals. Let's see.",es,2022-12-18 06:42:11+00:00,2022-12-09_netherlands_argentina
"Last goal Last chance And Winners
#Argentina_won_worldcup",es,2022-12-18 18:10:37+00:00,2022-12-09_netherlands_argentina
"Netherlands 🇳🇱 vs 🇦🇷 Argentina are set to face off in the quarter finals of the 2022 World Cup.

GOAL! ⚽ #NED 0-1 #ARG 

Argentina vs Netherlands 2nd Quarterfinal at FIFA https://t.co/Orgc7b6epV 

#NED | #ARG | #FIFAWorldCup | #sportsliveto | #NEDARG | #Messi | #LionelMessi https://t.co/PoEVp1iAbG",es,2022-12-09 19:44:05+00:00,2022-12-09_netherlands_argentina
"@TitoGabby1 @Asitemmy1 @CHARGIE___ @goal Fewer goals where...???

FOOTBALL IS WORLD CUP AND CHAMPIONS LEAGUE

champions league...Messi 125 v 140 Ronaldo

World cup ...Messi 9 v 8 Ronaldo (has a game at hand against Netherlands)",es,2022-12-06 09:04:46+00:00,2022-12-09_netherlands_argentina
"@thisisTawona First of all, for of the 5 was worth it, a foul is a foul, and outside the penalties they still scored open play goals.l so it's not like they advanced on penalties

Secondly how many where France awarded last World cup?

Or is only a problem cos its Messi's Argentina",es,2022-12-14 09:15:06+00:00,2022-12-09_netherlands_argentina
"#報道ステーション #内田篤人

#messi Congrats 🎉☺️

u made #argentina very very happy🇦🇷

finally u’ve collected all titles🎉🎉
 #maradona &amp; #Riquelme &amp; #Dimaria must be so happy.

super goal after super goal🇫🇷😎🇦🇷🎉

#NoFootballNoLife

#worldcup #bocajuniors #copademundo #depaul https://t.co/B64aexhF6m",es,2022-12-19 14:11:39+00:00,2022-12-09_netherlands_argentina
Oh! Lord! What a come back from #France 97 secs between goals! 2-2. #ArgentinaVsFrance #WorldCup,es,2022-12-18 16:45:48+00:00,2022-12-09_netherlands_argentina
"Finished Lionel Messi. 

Best scoring year ever for Argentina. Most goal contributions at the World Cup. Most assists at the World Cup. Player of the tournament at the World Cup. Finished Messi &gt; the former pretenders to his throne. Khalifa. https://t.co/6lxc0Kmanu",es,2022-12-18 20:01:26+00:00,2022-12-09_netherlands_argentina
"Best wishes dear Messi 💙

#messi #lionelmessi  #argentina #France #worldcup #qatar2022 #football #bestwishes #argentina #win #viraloftheday #manofthematch #nihadnvajid #reelsinstagram #goals
.
@leomessi @argentinafansindia_ https://t.co/Xaa5Ti62LL",es,2022-12-18 06:58:49+00:00,2022-12-09_netherlands_argentina
"Six moths ago Argentina Goal Keeper, Emiliano Martinez, was in remote North Queensland receiving an indigenous welcome with local Townsville team Wulguru.
Today he put on one of the greatest goal keeping performances ever seen winning a @FIFAWorldCup
Who would have thought? https://t.co/pxVuektajI",es,2022-12-18 22:18:00+00:00,2022-12-09_netherlands_argentina
"Argentina recreated a whole new history by winning the FIFA World Cup.
Viva La Argentina. 

#argentina #fifa #worldchampions #football #champions #fifaworldcup #messi #goal #goat https://t.co/78C3JPtF5V",es,2022-12-19 06:19:46+00:00,2022-12-09_netherlands_argentina
"Both Maradona and Messi won World Cup(Maradona with hand of God goal). Messi scored more goals than him, has more individual Awards than Maradona for Argentina,
Daniel Regha, elaborate why you said Maradona is your No.1 GOAT? 🤷🏻‍♂️
Messi is the undisputed GOAT. https://t.co/fmJf0wt716",es,2022-12-18 21:00:51+00:00,2022-12-09_netherlands_argentina
"Goals, assists, and pure magic from Leo Messi in the World Cup finals. Let's do this, Argentina!

#Byjus #EducationforAll #Byjusxmessi #Qatarworldcup2022 https://t.co/FFXmIaGcBC",es,2022-12-19 07:19:01+00:00,2022-12-09_netherlands_argentina
Breakdown of a wonderful team goal by @Oficial7DiMaria for #Argentina @afa vs #France @FFF from Sunday's World Cup final. Brilliant first-touch football with super spacial awareness from Argentina with France caught ball-watching in the build-up. #QatarWorldCup2022 https://t.co/iZ9W3vZVZv,es,2022-12-20 11:54:12+00:00,2022-12-09_netherlands_argentina
"INTERNATIONAL PROPHECY FULFILLED

Prophet Angel saw it and said it !!! ….. Argentina WINS the FIFA World Cup 2022 even called out the goal difference!!
#worldcup2022 #worldcup #argentina #france https://t.co/Oi8bKPFBpw",es,2022-12-18 20:41:20+00:00,2022-12-09_netherlands_argentina
"Although the Costa Ricans were eliminated from the World Cup against the Netherlands, who went undefeated thanks to a Keylor Navas who made his goal an insurmountable wall.

Costa Rica was eliminated in a penalty shootout against the Holland, and that historic feat came to an end https://t.co/QnSnBziX1G",es,2022-12-17 16:37:04+00:00,2022-12-09_netherlands_argentina
That’s a goal?? Wait… #WorldCup #ArgentinaVsFrance #FIFAWorldCup #FIFAWorldCupFinal,es,2022-12-18 17:30:16+00:00,2022-12-09_netherlands_argentina
"Africa look at the photo below lost the world cup to Argentina yesterday.They were surely outsmarted in the first half. But,they managed to reorganize and almost have beaten Argentina. In penalities they lost.I think we Africa need to learn to be goal 1/2 https://t.co/fRdtV45NZe",es,2022-12-20 02:31:35+00:00,2022-12-09_netherlands_argentina
@francefootball sooo obvious... messi is gona win his 8th ballon dor.... world cup cant b compared to any other trophy and he delivered it with a the best performances never seen before by a 35 yr old player... being involved in almost 95% of argentina goals,es,2022-12-19 06:03:17+00:00,2022-12-09_netherlands_argentina
"Outstanding World Cup👀.Messi has a well deserved world cup title finally.💙🙌 Congratulations Argentina Champions of the World in Football.😲 Wonderful goals by Messi.👊 Well played France coming from behind twice.👏 Mbappe's hat-trick was a treat to watch.😲
#FIFAWorldCup2022 https://t.co/TcA88UxrCR",es,2022-12-18 18:11:49+00:00,2022-12-09_netherlands_argentina
"Another shoot out...

A goals galore where Netherland had to come from two goals down.

It dragged and has to be a penalty shoot out.

Argentina came tops and moves Messi closer to his dream.

The world cup.

Up next Croatia.

#FIFAWorldCup 
#WorldcupQatar2022 
#WorldCupDiaries",es,2022-12-09 22:03:20+00:00,2022-12-09_netherlands_argentina
That 2nd goal from Argentina was just beautiful. Ready for the 🐐 to get his World Cup!,es,2022-12-18 15:39:50+00:00,2022-12-09_netherlands_argentina
"@QurLir @Tun60497181 @hajduk1979 @goal We are both rooting for Messi and Argentina to win the World Cup. 

Maybe you can find highlights in where you are but I can’t get clear highlights here.",es,2022-12-14 15:44:23+00:00,2022-12-09_netherlands_argentina
US Top News | Sun | 18 Dec | 20:09 | CET | Argentina boss Lionel Scaloni is coolest man in Qatar as he stands still while bench goes wild after World Cup goal https://t.co/uvPUWH5OPI,es,2022-12-18 19:09:19+00:00,2022-12-09_netherlands_argentina
Buenos Aires after Messi scored🤯🇦🇷 #messi #worldcup #argentina #goal #futebol #shorts https://t.co/6IirFyvxee,es,2022-12-08 20:51:44+00:00,2022-12-09_netherlands_argentina
"666👀🇦🇷
Lionel Messi can score his 6th goal of this World Cup in his 6th final with Argentina, in their 6th World Cup Final!

#FIFAWorldCup  #WorldCup #LionelMessi #Messi #GOAT #Football #ARGFRA #Argentina #France #Qatar2022  #Gematria https://t.co/dnuJ1vaxaQ",es,2022-12-16 02:55:37+00:00,2022-12-09_netherlands_argentina
That goal by Alverez was something else! #WorldCup #Argentina #LeoMessi,es,2022-12-13 19:57:37+00:00,2022-12-09_netherlands_argentina
"@Arp_Zee @goal You all underrated the work of Scaloni.
He would bring Argentina 2026 world cup, with Messi as mentor perhaps",es,2022-12-23 05:09:06+00:00,2022-12-09_netherlands_argentina
"11 of the 12 goals Argentina have scored at this World Cup have come with Julián Álvarez on the pitch.

All 5 goals conceded have come when he was off it.

Argentina's unsung hero. https://t.co/bkQYgeElav",es,2022-12-17 06:26:56+00:00,2022-12-09_netherlands_argentina
"@1xBet_Eng Ronaldo at 35 in that Argentina team no harm would score 15+ goals in one World Cup. 

More goals at 34 in less games than messi does 34 AND 35 combined 😂 https://t.co/PQXdr2GHAI",es,2022-12-19 16:16:44+00:00,2022-12-09_netherlands_argentina
"What a final of #FIFAWorldCup.  

Argentine won the world cup, but #Mbappe scored a hat-trick and stole the show.

Messi won it for Argentina.

Argentina is the Champions of the world. #ARGFRA

Here are the goals scored by #KylianMbappe https://t.co/5lZUHYDZiW",es,2022-12-18 18:06:42+00:00,2022-12-09_netherlands_argentina
"Lionel Messi in the World Cup

10 goals
7 penalties!

👀

#FIFAWorldCup #Argentina https://t.co/kdystoFVRZ",es,2022-12-09 23:07:59+00:00,2022-12-09_netherlands_argentina
"Cody Gakpo, Wout Weghorst and every goal by the Netherlands in the 2022 FIFA World Cup https://t.co/MAgB0Ky7j2 https://t.co/B3MpNnbNLS",es,2022-12-10 00:54:06+00:00,2022-12-09_netherlands_argentina
"Congratulations to Argentina and the team for winning the World Cup.

May our country achieve a bright position in the field of football in the coming times. It can certainly be assumed that what the Modi govt is doing to achieve this goal will bring about changes in the future. https://t.co/XhpDhOTMrS",es,2022-12-19 01:31:09+00:00,2022-12-09_netherlands_argentina
"If Messi wins the world cup without scoring or assisting another goal, he stands at 63 G/A currently. Considering the form he's in, an 8th Balon d'Or is definitely in the cards😤
#Messi𓃵 #ArgentinaVsCroatia #FIFAWorldCup #Qatar2022",es,2022-12-14 05:46:46+00:00,2022-12-09_netherlands_argentina
"Wout Weghorst:

Goals for Burnley - 2

Goals in 22 minutes of play against Argentina in a World Cup quarter-final - 2

#NEDARG | #twitterclarets",es,2022-12-09 21:08:46+00:00,2022-12-09_netherlands_argentina
"Why should I celebrate or congratulate a preplanned fraud?
All 6 penalties awarded to Argentina in this just concluded World Cup were glaringly controversial.
FIFA won the World Cup.
Imagine Argentina's third goal..
FIFA messed up the tournament!",es,2022-12-18 20:53:45+00:00,2022-12-09_netherlands_argentina
"Goal for #Argentina 1 - 0 lead 
#ArgentinaVsFrance #WorldCup #FIFAWorldCup",es,2022-12-18 15:34:37+00:00,2022-12-09_netherlands_argentina
"Let's go for that 3rd goal, Argentina!!!

#Argentina #Messi #WorldCup #NEDARG #ARGNED",es,2022-12-09 20:41:33+00:00,2022-12-09_netherlands_argentina
"This has been a fantastic World Cup.

Messi has his goal.

Argentina leads 2 - 0 at the half.",es,2022-12-18 15:55:15+00:00,2022-12-09_netherlands_argentina
Argentina vs France: Real reason Messi’s goal in World Cup final wasn’t cancelled https://t.co/5UaXK1efCg,es,2022-12-20 08:21:09+00:00,2022-12-09_netherlands_argentina
"2022 World Cup Goal Difference Leaders
(All Stats through Thursday's games)

England (10)
Portugal (7)
Spain (6)
Netherlands (6)
Brazil (5)
France (5)
Argentina (4)
Morocco (3)
Croatia (3)
Ecuador (1)
Japan (1)
Germany (1)
Uruguay (0)
https://t.co/jaJnR0zTTh",es,2022-12-09 12:49:59+00:00,2022-12-09_netherlands_argentina
"Julian Alvarez has now scored four goals in four World Cup starts for Argentina. ⚽️⚽️⚽️⚽️

Incredible from Lionel Messi in the build up. 😍👏

#FIFAWorldCup #ARG https://t.co/8km99FQEfy",es,2022-12-14 03:51:53+00:00,2022-12-09_netherlands_argentina
Messi's last goal of his #FIFAWorldCup career. Argentina wins the world cup for Maradona. #ARGFRA,es,2022-12-18 17:55:23+00:00,2022-12-09_netherlands_argentina
"FIFA World Cup 2022: Argentina reach finals as Lionel Messi becomes their all-time leading World Cup goal-scorer
#2022FIFAWorldCup #Argentina #Croatia #FIFAWorldCup
https://t.co/uHutb2LqcR",es,2022-12-14 03:32:17+00:00,2022-12-09_netherlands_argentina
"Chelsea TV: 'THAT is one of the goals of the season already!' | Hernan Crespo | World Cup Blue Stars 🔵 #shorts We're proud of our World Cup Blue Stars, past and present! Here's former Chelsea and Argentina striker Hernan Crespo scoring a stunning inj… https://t.co/NejEGtul2t",es,2022-12-13 20:44:03+00:00,2022-12-09_netherlands_argentina
"Kylian Mbappé (23) is only the fifth player in history to score in two separate World Cup finals. The France forward added to his goal against Croatia in 2018 with a hat-trick against Argentina. 

https://t.co/mO9LT9vWtc",es,2022-12-19 15:47:53+00:00,2022-12-09_netherlands_argentina
"@WinGoalNFT Replying to 
@WinGoalNFT
1️⃣Which team will lift the #WorldCup? 
Answer : Argentina 🇦🇷🇦🇷
2️⃣Will #Messi Goal?
Answer : Yes
3️⃣Will #Mbappe Goal?
Answer : No",es,2022-12-18 07:30:36+00:00,2022-12-09_netherlands_argentina
"24,400 tweets per second for France’s goal, highest ever for World Cup!
#ArgentinaVsFrance",es,2022-12-18 17:39:47+00:00,2022-12-09_netherlands_argentina
"Throwback to Martinez first game, when he conceded 3 goals to Port Vale. @OfficialPVFC @OUFCOfficial #ArgentinaVsFrance @FIFAWorldCup #WorldCupFinal https://t.co/SoAk4Gaj3a",es,2022-12-18 20:03:11+00:00,2022-12-09_netherlands_argentina
"Ronaldo fans been working overtime since Messi won the world cup. Re-submitting Ronaldo CV of goals. Jumping on the Pele and Mbappe bandwagon. How the narrative has changed from ""Ronaldo won with Portugal and Messi hasn't with Argentina."" Just give it a rest guys. #Messi𓃵 end of https://t.co/txfjJutHAg",es,2022-12-22 06:44:55+00:00,2022-12-09_netherlands_argentina
"@KaykyG19 @nocontextfooty But Argentina is still in the World Cup, with the same points, record and goals than Brazil.",es,2022-12-07 12:03:25+00:00,2022-12-09_netherlands_argentina
"The World Cup final between France and Argentina also sees the 4️⃣ 𝙩𝙤𝙥 𝙨𝙘𝙤𝙧𝙚𝙧𝙨 go head-to-head🔥🔥

🇫🇷 Kylian Mbappé: 𝟱 goals
🇦🇷 Lionel Messi: 𝟱 goals
🇫🇷 Olivier Giroud: 𝟰 goals
🇦🇷 Julián Álvarez: 𝟰 goals #ARG #FRA #WorldCup #ARGFRA https://t.co/IswD8q3dHR",es,2022-12-18 13:47:12+00:00,2022-12-09_netherlands_argentina
"GOAL!

Messi rolls it bottom right! 22 minutes on the clock at the Argentina No10 has his nation ahead in the World Cup final!

#ARG 1-0 #FRA 

#FIFAWorldCup | #Qatar2022

https://t.co/UmozTF3WiK",es,2022-12-18 15:23:09+00:00,2022-12-09_netherlands_argentina
"GOAL 🥅
⚽ FIFA World Cup 🏆 2022
Argentina 🇦🇷 3-2 🇫🇷 France

#FIFAWorldCup    #Qatar2022onGMABC https://t.co/b2EbrIYnrN",es,2022-12-18 17:39:17+00:00,2022-12-09_netherlands_argentina
"@emmy_inzhaghi @goal That's just an assumption isnt it? Psg problem for all these years is just they're bunch of superstars with no emotional connection toward each other that cause poor teamwork.
Tons of ego with divided purpose. While argentina are all about one thing, win the world cup.",es,2022-12-23 16:14:42+00:00,2022-12-09_netherlands_argentina
"The last time these two met at the quarter-finals of the World Cup was in 1998. Dennis Bergkamp scored a clutch goal on the stroke of 90mins to win the game 2-1 for the Netherlands. Who wins it this time ?🤞🏽

#FIFAWorldCup #GTVSports https://t.co/zscnCpszxE",es,2022-12-09 06:48:20+00:00,2022-12-09_netherlands_argentina
nicky doll scores a total of 3 goals for france in the game france vs argentina in the world cup https://t.co/SKDMh22bPZ,es,2022-12-18 17:46:35+00:00,2022-12-09_netherlands_argentina
"Argentina into the final of fifa world cup football beat Croatia 3-0. What a moment...Messi again in the magical touch, one goal by him  (and one beautiful assist to Alvarez) and two from Alvarez. Best wishes for the big big final.....",es,2022-12-13 21:06:17+00:00,2022-12-09_netherlands_argentina
Argentina won the World Cup tittle 2022 from 1st n 3rd goals from messiah(Lionel Messi) and 2nd was from an Angel (Di Maria). Truly this was the best time for both in football history.,es,2022-12-19 04:13:11+00:00,2022-12-09_netherlands_argentina
"What a Goal 😱😲 
See team work jeez, I'm so emotional rn. Messi will win this world cup
#ArgentinaVsFrance #Messi  #FIFAWorldCup",es,2022-12-18 15:39:43+00:00,2022-12-09_netherlands_argentina
It was Fifa who used their remote control to stop Kolo Muani from scoring this goal because the worldcup was rigged for Argentina https://t.co/qo2I6diCb2,es,2022-12-21 13:29:59+00:00,2022-12-09_netherlands_argentina
"@FIFAWorldCup To all Ronaldo's clowns, did FIFA tell other teams not to score against Argentina? Did FIFA score all the goals for Argentina? Did they tell Ronaldo not to score this WC? 

Everything was well when Saudi beat Argentina, but now they made it to the finals y'all start hating. CRY.",es,2022-12-14 10:53:48+00:00,2022-12-09_netherlands_argentina
"Lionel Messi scores Argentina first goal against Croatia. 
World Cup Semifinals.",es,2022-12-13 19:35:16+00:00,2022-12-09_netherlands_argentina
"Brazil gives us baller after baller, generation after generation. Argentina just gave us Maradona and kept trying to clone him year after year (Ortega, Saviola, Aimar) until they landed Messi. 

Two of the top 5. 10 World Cups. Four World Cup Finals. 18 World Cup goals. Sick.",es,2022-12-13 21:38:19+00:00,2022-12-09_netherlands_argentina
"Argentina has advanced to the World Cup final by beating Croatia 3-0, with Lionel Messi scoring a penalty and having a hand in the other two goals. https://t.co/9rfQvA3qdu",es,2022-12-13 21:03:00+00:00,2022-12-09_netherlands_argentina
"Qatar World Cup Football semi-final: France overcame Morocco 2:0. Morocco showed their class. But France's defence and attack were excellent. Mbappe played an important part. Hernandez and Muani each scored a goal. In the final on 18.12.2022, Mbappe will meet Messi, Argentina. https://t.co/Nr782PHH7B",es,2022-12-15 07:45:51+00:00,2022-12-09_netherlands_argentina
Messi Goal for final world cup 2022 #ArgentinaVsFrance #FIFAWorldCup #WorldCup #Messi𓃵 https://t.co/XcIjLONRyh,es,2022-12-18 15:28:09+00:00,2022-12-09_netherlands_argentina
"Lionel Messi becomes Argentina's all time topscorer in World Cup history. 🇦🇷#Qatar2022 

11 goals https://t.co/PZH3Uq1Qpf",es,2022-12-13 19:42:07+00:00,2022-12-09_netherlands_argentina
@Troll_Fotballl And argentina will never defeat a team by 5 goal margin at a worldcup,es,2022-12-06 21:04:13+00:00,2022-12-09_netherlands_argentina
Kylian Mbappe quick double in World Cup final: French star smashes goal record in 2022 decider vs Argentina https://t.co/jLiQyQh35Y,es,2022-12-18 17:30:05+00:00,2022-12-09_netherlands_argentina
@revxvals He scored the most goals in the world cup 4 of them on Argentina now and made them go to the penalties what do you want more😂,es,2022-12-18 18:39:31+00:00,2022-12-09_netherlands_argentina
Angel di Maria has been nearly non-existent for Juventus this year and here he is involved in both World Cup goals for Argentina.  That's the World Cup for you.,es,2022-12-18 15:39:24+00:00,2022-12-09_netherlands_argentina
"Messi &amp; Co (La selección) shines as the Albicelestes thrashed Croatia 3-0 and  advance to the World cup final. 
What a goal &amp; assist from messi.
#ArgentinaVsCroatia #Arg #CROARG #Messi #Croatia #HRV #Modric #FIFAWorldCup #WorldCup #WorldCup2022 #Argentina #FIFAWorldCupQatar2022 https://t.co/J9eB62iVt1",es,2022-12-13 22:43:43+00:00,2022-12-09_netherlands_argentina
"The 4 Players with five or more Combined Goals &amp; Assists at the 2022 🇶🇦 FIFA World Cup Finals: 

Lionel Messi (🇦🇷 Argentina 8)
Kylian Mbappé (🇫🇷 France 7)
Harry Kane (🏴󠁧󠁢󠁥󠁮󠁧󠁿 England 5)
Bruno Fernandes (🇵🇹 Portugal 5)

#FIFAWorldCup #Qatar2022 
https://t.co/O6IkM1u9Bc https://t.co/Ht51FitYv7",es,2022-12-16 07:40:31+00:00,2022-12-09_netherlands_argentina
Holy shit! #FRA just tied it up at 2 a piece in a matter of a minute and a half late in the match. Mbappe with two quick goals (one on a penalty). The #FIFAWorldCup may be slipping away from #ARG and Messi in his last #WorldCup. France with momentum. #ArgentinaVsFrance #ARGFRA,es,2022-12-18 16:49:37+00:00,2022-12-09_netherlands_argentina
@gabriel21ry @neshan12758575 @LakeShowYo 4pks out of his 7 goals 🤣 Pessiiii !!! Isn’t it funny how much all the organizers from FIFA etc.. wanted Argentina and Messi to win the World Cup … 🤔 funny how almost every match they played they would always get a PK called. 🤡🤡,es,2022-12-18 22:58:01+00:00,2022-12-09_netherlands_argentina
"Mbappe’s just a year older than me and man’s already scored 12 World Cup goals. What composure playing at the biggest stage in world football.
#Mbappe #ArgentinaVsFrance #FIFAWorldCup",es,2022-12-18 18:18:59+00:00,2022-12-09_netherlands_argentina
Gary Lineker Just called Argentina solid! They lost to Saudi Arabia and conceded two goal to a block from Burnley! If they are solid Maguire &amp; Stones are Beckenbauer &amp; Moore reincarnated #WorldCup,es,2022-12-09 22:17:40+00:00,2022-12-09_netherlands_argentina
"DI MARIA GOALLLLLLLLLLL

ARGENTINAAAA GOALLLLLLLLLL

OH. MY. FUCKING. GODDDDDDDDDD 🔥🔥🔥🔥🔥🔥🔥🔥🔥🔥🔥

WHAT A GOAL, MAN

#ArgentinaVsFrance
#Qatar2022 #FIFAWorldCup #WorldCup #FIFAWorldCup2022 #FIFAWorldCupQatar2022 #FIFAWorldCupFinal #FIFA",es,2022-12-18 15:39:47+00:00,2022-12-09_netherlands_argentina
"For a host country that was surrounded by a lot of controversy… for a World Cup that was played during the holiday season…

I will say that this was THE BEST World Cup in World Cup history. 172 goals were scored, with Argentina winning their third title at the end. 🇦🇷🏆 https://t.co/7TpKYwrVOC",es,2022-12-20 05:52:11+00:00,2022-12-09_netherlands_argentina
[Q-FANCAM 4K] ARGENTINA NATIONAL TEAM'S LIONEL MESSI 'THE LAST GOAL' | @ FINAL FIFA WORLD CUP 2022 221218,es,2022-12-18 18:47:12+00:00,2022-12-09_netherlands_argentina
"@BGibbsy4 @1116sen • AFL Releasing the fixture on a Sunday morning coinciding with Australia/World Cup round of 16 v Argentina. 
• Cats annihilating Swans in GF.
• Grundy to Dees.
• Buddy’s 1000th goal
• Return of Cunnington/Docherty
• Blues miss finals after a 8-2 start.
• WC -wafl 
#afl",es,2022-12-13 23:42:52+00:00,2022-12-09_netherlands_argentina
"Argentina are through to the World Cup semi-final! 🇦🇷 

Messi now has 4 goals and 2 assists at the tournament. Golden Ball incoming? 👀

#FIFAWorldCup https://t.co/WSqtCXofp9",es,2022-12-09 22:07:06+00:00,2022-12-09_netherlands_argentina
"@MixedMa30511035 @ahkdjslwndls @elhipomaslaton @QueenSolitude07 @MadridXtra @Sebasrur @xLeandro7 Julian Alvarez, Argentina's n 9, Libertadores and World Cup Champion. Earling Halland has a good year in Dortmund and 18 goals in MC, but wherever you say",es,2022-12-21 14:53:26+00:00,2022-12-09_netherlands_argentina
"Congratulations Argentina🇦🇷….

Argentina 3-Croatia 0

Still never lost a FIFA World Cup semi-final. Argentina are through to the 2022 final.

Another goal, another assist, another 'Player of the Match' performance by Leo Messi, and two goals by Julian Alvarez. https://t.co/VhCUPLGT0p",es,2022-12-13 22:05:06+00:00,2022-12-09_netherlands_argentina
"Today is the World Cup final! #FIFAWorldCup
#ArgentinaVsFrance

🎁  As the holder of a player on the winning team, you will receive a free mint from the official collection.
🎁  1 Goal = 1 Sol. 

https://t.co/6zSdWdsHbb",es,2022-12-18 15:23:00+00:00,2022-12-09_netherlands_argentina
mbappe france world cup goal score messi argentina football soccer https://t.co/DaPUTBAKAv,es,2022-12-18 17:39:28+00:00,2022-12-09_netherlands_argentina
"Yeeesssss!!!!! 
Last ditch goal. Well done Netherlands!! #cheatingargentina #WorldCup",es,2022-12-09 21:05:25+00:00,2022-12-09_netherlands_argentina
"Legendary game! Argentina 🇦🇷 wins the @FIFAWorldCup in penalty kicks, despite a hat trick by Kylian Mbappé, after a 3-3 draw against France 🇫🇷. Lionel Messi with 2 goals &amp; Angel Di María with 1 goal for Argentina. Mbappé with the 3 French goals. #Arg #Fra #FIFAWorldCup⚽️ https://t.co/UFQ862mfqm",es,2022-12-18 17:54:59+00:00,2022-12-09_netherlands_argentina
Well done #Argentina #WorldCup #Messi𓃵 #goals,es,2022-12-18 17:54:06+00:00,2022-12-09_netherlands_argentina
"@russ_wait @sportbible I think it’s you who has the problem about him shitting on England Russ and there is the bias really. In the same game he scored the greatest ever World Cup goal. He carried Argentina to two finals winning one, this at last is Messi’s chance to rival him.",es,2022-12-14 02:40:26+00:00,2022-12-09_netherlands_argentina
"Argentina's Lionel Messi celebrates scoring his side's first goal during the World Cup final soccer match between Argentina and France at the Lusail Stadium in Lusail, Qatar, on Dec. 18, 2022. (Thanassis Stavrakis/AP Photo)LUSAIL, Qatar—Lionel #

https://t.co/x9x4DHen1k https://t.co/wgT3wTp48d",es,2022-12-18 18:08:27+00:00,2022-12-09_netherlands_argentina
"@EnekMoses @horlarwale777 @Mrbankstips Excuses excuses 

A more worst Argentina side lost by only 1 goal difference last World Cup... Talking like Benzema is better than Giroud in international level",es,2022-12-22 09:18:56+00:00,2022-12-09_netherlands_argentina
"Top 5 World Cup moments:

1. Japan defeating Spain and Germany to advance, nearly advancing to QFs
2. Waking up to find out Saudi Arabia beat Argentina 2-1
3. Morocco advancing to semis
4. Ochoa saving Poland’s penalty
5. Luis Chávez’s free kick goal

#Qatar2022 #FIFAWorldCup",es,2022-12-18 18:25:35+00:00,2022-12-09_netherlands_argentina
@xtahzy @FIFAWorldCup @FIFAcom Second goal was deliberately given away by France.. lloris decided to stop goal keeping. Argentina on dope ... Wtf 😂😂 https://t.co/DMxBZ9VBkO,es,2022-12-18 15:58:50+00:00,2022-12-09_netherlands_argentina
"The first match that got me to become a football lover was the 1986 Argentina versus England match during that year's world cup and that infamous 'hand of God' by Maradona, followed by his dazzling display with the second goal.

And now its Argentina versus France (December 18).",es,2022-12-15 00:51:55+00:00,2022-12-09_netherlands_argentina
Messi is the 🐐. What a touch and goal assist. #NEDARG #WorldCup #FIFAWorldCup2022 #Argentina,es,2022-12-09 19:38:29+00:00,2022-12-09_netherlands_argentina
"✅Group Stage: Goal+Assist+MOTM
✅Round of 16: Goal+MOTM
✅Quarter Final: Goal+Assist+MOTM
✅Semi Final: Goal+Assist+MOTM

This is how Lionel Messi carrying Argentina. The FIFA World Cup Golden Ball is loading.🇦🇷💯🔥 https://t.co/6t2qYbTcji",es,2022-12-13 21:52:46+00:00,2022-12-09_netherlands_argentina
Can't remember a better World Cup Final goal in my lifetime. #ArgentinaVsFrance,es,2022-12-18 15:40:53+00:00,2022-12-09_netherlands_argentina
That’s up there with the Brazil 70 goal. What a team goal but the touch from Messi was unreal #ArgentinaVsFrance #WorldCupFinal #WorldCup,es,2022-12-18 15:37:58+00:00,2022-12-09_netherlands_argentina
Argentina is tired this coach should have made subs after the second goal he is costing Argentina the World Cup,es,2022-12-18 17:11:38+00:00,2022-12-09_netherlands_argentina
"Anyone know why a French player keeps a teammate away from celebrating after the 2nd goal?

#WorldCupFinal #ArgentinaVsFrance #WorldCup #FrancevsArgentina https://t.co/gnTRc4wnr6",es,2022-12-18 17:16:53+00:00,2022-12-09_netherlands_argentina
"@piersmorgan It's totally wrong...Argentina beat France 3-2...messi score or assist twice..Fernandez or di maria give last leading goal..
Happily joying messi took world cup..✌🤩
I hope u remember me last time completely destroy ur semifinal prediction..😆👋",es,2022-12-18 11:27:38+00:00,2022-12-09_netherlands_argentina
"If that was the goal that puts Argentina through to the semis and Portugal beats Morocco, which is very possible, will we really get to see a Portugal/Argentina (Ronaldo/Messi) battle it out for the WORLD CUP?? One can truly only hope. #FIFAWorldCup",es,2022-12-09 19:41:40+00:00,2022-12-09_netherlands_argentina
"Goal By Messi♥️🔥
#Messi𓃵 🔥🔥
@FIFAWorldCup
#ArgentinaVsCroatia https://t.co/1MhgSMTJh6",es,2022-12-13 20:05:16+00:00,2022-12-09_netherlands_argentina
"@VertigoWarrior #Messi was granted with one more penalty, to ensure his career closure with a goal. In the entire history of #WorldCup, no team, had as many penalties as #Argentina this year!
Five! 👎 👎👎👎👎 #ArgentinaVsFrance #Qatar2022 #ARGFRA #Arg #Fra #Qatargate #FIFAWorldCup #Finals",es,2022-12-18 16:18:27+00:00,2022-12-09_netherlands_argentina
"OMG, another beautiful dribble and assist by Messi and a goal by Alvarez. Argentina is going to the World Cup freaking final! Gvardiol was considered as the best defender of this tournament and Messi just did him dirty like that 😂 #WorldCup2022 #WorldCup #WorldcupQatar2022 https://t.co/Vv7AhCurYW",es,2022-12-13 22:29:03+00:00,2022-12-09_netherlands_argentina
"Messi ties Batistuta for second most goals in Argentina’s World Cup history, both with 10. #FIFAWorldCup https://t.co/GHGq1Lz9U0",es,2022-12-09 20:42:36+00:00,2022-12-09_netherlands_argentina
@goal There was a sleeping Croatian team and a sleepwalking Argentina on the field. I watched the worst match of the world cup.,es,2022-12-13 20:56:14+00:00,2022-12-09_netherlands_argentina
"Dear @KMbappe 🌟
You lost the #WorldCup but you have won #Billions of #Hearts with your #WorldCupFinal Goals… 
A True #Leader who brought the match back into action and #France in fight..
Stay Blessed #Hero 👍💕 
#WorldcupQatar2022 #FrancevsArgentina",es,2022-12-18 19:47:47+00:00,2022-12-09_netherlands_argentina
THAT is a goal worthy of a World Cup final. #FIFAWorldCup #ArgentinaVsFrance,es,2022-12-18 15:36:46+00:00,2022-12-09_netherlands_argentina
"Here is a prediction
Messi 2 goals
Messi Golden Boot
Scoreline:
Argentina 3
France 1

#ArgentinaVsFrance #WorldCup #FIFAWorldCup #Messi𓃵 #Mbappe #GOAT𓃵",es,2022-12-18 15:26:38+00:00,2022-12-09_netherlands_argentina
holy shit THE BEAUTY! #Argentina #GOAL #WorldCup #TeamEffort,es,2022-12-18 15:36:22+00:00,2022-12-09_netherlands_argentina
Argentina is winning the world cup win messi scoring the winning goal ebe something edey already.I mean if it wasnt for the hate yall have for the little magician it wouldnt have been a debate,es,2022-12-13 08:42:36+00:00,2022-12-09_netherlands_argentina
@BBCSport Emi  Martinez.  Goal keeper and hopefully World Cup winner for Argentina and Villa no . Can’t forgive Maradona but it goes a little way to forgive 1986. Good luck Emi you deserve it xx,es,2022-12-15 01:05:29+00:00,2022-12-09_netherlands_argentina
"🏆FIFA World Cup Qatar 2022 | THE FINAL🏆
⚽️ GOAL 80' (P)
🇦🇷 Argentina 2⃣-1⃣ France 🇫🇷
SCORER: Kylian Mbappé

#FIFAWorldCupQatar2022  #Qatar2022  #FIFAWorldCup #ArgentinaVsFrance #WorldCupFinal

https://t.co/JJYtXgAcN1",es,2022-12-18 16:46:21+00:00,2022-12-09_netherlands_argentina
"@AlpNavruz I’m so sad for Cristiano Ronaldo. His World Cup dream ends in tears😭. The final was an extremely exciting game, Argentina’s Lionel Messi deserved to be a World Cup winner🏆. For France🇫🇷 , Mbappé scored 4 goals in a final ⚽️⚽️⚽️⚽️. It was a pleasure to watch this spectacle 👍",es,2022-12-19 15:56:49+00:00,2022-12-09_netherlands_argentina
"Messi becomes Argentina's leading World Cup scorer with eleven goals
Let the game begin.",es,2022-12-13 19:36:32+00:00,2022-12-09_netherlands_argentina
"Who said boosts are cursed :( 

Messi🤝

#gamblingtwitter #gambling #betting #bettingtwitter #sportsbet   #freeplay #bettingexpert #BettingPeople #nba   #nhl #mlb #ncaa #cbb #cfb #NCAA #sportshandicapper #bet #messi #argentina #WorldCup2022 #goal #worldcup #croatia https://t.co/G6ZEkMZm6j",es,2022-12-13 19:42:30+00:00,2022-12-09_netherlands_argentina
"Croatia coach Zlatko Dalic said the disputed decision to award Argentina a penalty changed the complexion of Tuesday's World Cup semi-final after his side lost 3-0. Lionel Messi blasted home the opening goal from the spot after Croatia goalkeeper # # #

https://t.co/U5M4AC4FVr",es,2022-12-14 05:01:10+00:00,2022-12-09_netherlands_argentina
"Lionel Messi is one of the most celebrated soccer players in history. 

Now, he is one game away from his ultimate goal. Winning the World Cup. 

Our podcast, ""The Last Cup,"" explores his journey and his connection to his home country, Argentina. https://t.co/2lmFckNWzL",es,2022-12-18 13:48:55+00:00,2022-12-09_netherlands_argentina
"I know little about soccer/football, but that full pitch break terminating in an Argentine goal was a thing of beauty! Wow! Argentina up 2-0 over defending World Cup Champs, France in the 1H!  #FIFAWorldCup",es,2022-12-18 15:38:11+00:00,2022-12-09_netherlands_argentina
"First goal in fifa World Cup
#ArgentinaVsFrance #WorldCup #FIFAWorldCup #Messi𓃵 https://t.co/ILgluYZGyR",es,2022-12-18 15:29:04+00:00,2022-12-09_netherlands_argentina
This world cup though😲😲😲 another late goal #Argentina #Netherlands #argentinavsnetherlands #FIFAWorldCup #WorldCup2022,es,2022-12-09 21:05:36+00:00,2022-12-09_netherlands_argentina
"FIFA World Cup Qatar 2022, will be remembered for the victory of Argentina led by Lionel Mesi and France's Kylian Mbappé, winner of the Golden Boot and the first person to score four goals in a world cup final. https://t.co/b5h7eiijMJ",es,2022-12-18 20:54:01+00:00,2022-12-09_netherlands_argentina
@goal for argentina to take the world cup 🥇,es,2022-12-18 15:56:47+00:00,2022-12-09_netherlands_argentina
"Now after six goals in the World Cup final, the penalty shootout will decide the winner. What a tragedy! #ArgentinaFrance",es,2022-12-18 17:46:24+00:00,2022-12-09_netherlands_argentina
"11. There is silent film footage of the first 1930 World Cup final between Uruguay and Argentina. It was the original game of two halves, with Argentina 2-1 up at half-time, before three Uruguay goals saw Jules Rimet himself hand the trophy over.
https://t.co/S8py5JUoB4",es,2022-12-18 09:44:48+00:00,2022-12-09_netherlands_argentina
"@FIFAWorldCup I think that Argentina's first goal was a gift from the referee, I feel that it is more economically convenient for you to put Argentina in the final…",es,2022-12-13 20:06:47+00:00,2022-12-09_netherlands_argentina
"@Manny_Official Rigged ass World Cup for argentina , France won but no the ref had to give Argentina a penalty that wasn’t even near a penalty crazy how Argentina has gotten the most penalties in the World Cup and It’s always for their first goal #FIFAWorldCupRigged",es,2022-12-18 18:08:56+00:00,2022-12-09_netherlands_argentina
Gonzalo Montiel goal in penalties gave Argentina their first World Cup victory in 36 years.  https://t.co/VDm3VSnZgH,es,2022-12-19 02:30:16+00:00,2022-12-09_netherlands_argentina
"World Cup tweeting starts on a Messi goal, we all saw that happening - Jimmy x 

#WorldCup #WorldCupFinal #ArgentinaVsFrance",es,2022-12-18 15:25:46+00:00,2022-12-09_netherlands_argentina
Even a collaborator from Italy whom I mentioned in my lecture this morning is sending me messages about the goals Argentina is scoring! And the cheering outside is insane. Traffic has stopped and everyone is watching the World Cup game.,es,2022-12-13 19:43:26+00:00,2022-12-09_netherlands_argentina
If Argentina score a goal at the World Cup I pledge to Switch to a capsule wardrobe. Join &amp; submit your pledge here! #HyundaiGOTCpledge https://t.co/AoLCAzrXmA,es,2022-12-06 04:52:29+00:00,2022-12-09_netherlands_argentina
Argentina won world just because of goalkeeper Emiliano Martinez In the last 3m of extra time the way he saved the goal of mbappe Argentina almost win there! Maturity is when you know Argentina wins final match of  world cup bcz of this man not messi only.. https://t.co/0K76ZUvo63,es,2022-12-19 03:50:07+00:00,2022-12-09_netherlands_argentina
"Most World Cup goals for Argentina in history: 

◉ Lionel Messi - 11
◎ Gabriel Batistuta - 10

#ARG #FIFAWorldCup https://t.co/StPgll3gRc",es,2022-12-14 09:33:57+00:00,2022-12-09_netherlands_argentina
I hope Argentina will score the first goal and the match will be watched. #ArgentinaVsCroatia #Argentina #Croatia #Qatar2022 #WorldcupQatar2022 #WorldcupQatar2022 #WorldCup #ARGvCRO #ARGvsCRO,es,2022-12-13 19:11:33+00:00,2022-12-09_netherlands_argentina
@M_H4477 @goal @neymarjr @TeamMessi @FIFAWorldCup Brazil and Argentina have the same class in their teams as France…,es,2022-12-06 10:52:10+00:00,2022-12-09_netherlands_argentina
"Was Argentina's 3rd goal in FIFA World Cup final invalid? Fans question legitimacy of Lionel Messi's 2nd goal

#FIFAWorldCup #FIFAWorldCup2022Final #LionelMessi𓃵 #Messi #ArgentinaVsFrance 

https://t.co/JujwlQ1zIf",es,2022-12-20 11:16:41+00:00,2022-12-09_netherlands_argentina
"The last time Argentina and France played each other in the World cup? 

A 19 year old Kylian Mbappé scored 2 goals in 5 minutes 😳 https://t.co/0PCBoXGvvO",es,2022-12-14 20:43:53+00:00,2022-12-09_netherlands_argentina
"@FIFAWorldCup Come on, they were super lucky, they only beat Canada to reach Semis, rest were penalty shootouts. Only 2 shots on goal against Brazil + Argentina combined!",es,2022-12-13 21:50:35+00:00,2022-12-09_netherlands_argentina
Goal! And Argentina wins #WorldCup,es,2022-12-18 17:31:09+00:00,2022-12-09_netherlands_argentina
Messi deserves Argentina World Cup goal record https://t.co/SYp9ANGkEG,es,2022-12-17 16:17:38+00:00,2022-12-09_netherlands_argentina
"What a sensational match. For a moment, it seemed as if the World Cup belonged to France, but the great style of Messi's extra-time goal was second to none.Mbappé scored a great hat-trick. France could not win the penalty shootout. Argentina the 🏆 champ
#Argentina #FIFAWorldCup",es,2022-12-18 19:14:59+00:00,2022-12-09_netherlands_argentina
"Famous Baiday Today!
Lucien Laurent scored the first ever goal in FIFA World cup in 1930.

#baiday 
#Argentina #WorldCup #Qatar2022 #WorldCup2022 
#DidYouKnow 
#HappyBirthday https://t.co/cOXHCKFVMI",es,2022-12-10 10:20:49+00:00,2022-12-09_netherlands_argentina
France set up World Cup final clash against Argentina as they edging past brave Morocco in semi-final thanks to goals from Theo Hernandez and Randal Kolo Muani https://t.co/4qb9bFisLf,es,2022-12-14 21:06:39+00:00,2022-12-09_netherlands_argentina
US Top News | Sun | 18 Dec | 20:10 | CET | Watch Lionel Messi’s incredible flick as Argentina tear France apart with stunning team goal in World Cup final https://t.co/LFtwpfVcQS,es,2022-12-18 19:10:56+00:00,2022-12-09_netherlands_argentina
"@goal @FIFAWorldCup No Argentina defender deserves a place there, they couldn't defend their lead at several occasions",es,2022-12-19 20:34:19+00:00,2022-12-09_netherlands_argentina
"Finally, #Argentina are through to the final of the #WorldCup after beating #Croatia 3-0 on Tuesday. Superstar Lionel #Messi scored the first goal with a penalty, and he is now one win away from lifting the trophy in what is set to be his last World Cup. #월드컵 #아르헨티나 #메시",es,2022-12-14 06:25:25+00:00,2022-12-09_netherlands_argentina
Whoever makes the next goal 🥅 gonna be famous forever #WorldCup #FIFAWorldCupFinal #ArgentinaVsFrance,es,2022-12-18 16:55:50+00:00,2022-12-09_netherlands_argentina
"@goal 3 out #Messi's 5 goals in this #FIFAWorldCup are controversial penalty kicks ➡️ Penaltessi 

It's obvious that the corrupt FIFA wants to award him this World Cup for marketing reasons, Argentina's easy &amp; facilitated route to final affirms this fact!

#ArgentinaVsCroatia
#ARGCRO",es,2022-12-14 01:25:52+00:00,2022-12-09_netherlands_argentina
