collected_at,match_id,competition,home_team,away_team,query,query_language,tweet_id,tweet_created_at,tweet_lang,tweet_text,conversation_id,possibly_sensitive,source,retweet_count,reply_count,like_count,quote_count,author_id,author_username,author_name,author_verified,author_followers_count,author_following_count,author_tweet_count,author_listed_count
2025-11-08T01:50:31.624483+00:00,2025-11-05_mancity_dortmund,UEFA Champions League,Manchester City,Borussia Dortmund,(Manchester City OR ManCity OR MCFC OR #ManCity) (Dortmund OR BVB OR Borussia OR #BVB OR #Dortmund OR #UCL) lang:de,de,1986206873620783543,2025-11-05T22:59:55.000Z,de,"RT @City_Xtra: GOAL! #ManCity 1-0 Borussia Dortmund, Phil Foden! [22’] #UCL",1986206873620783543,False,,74,0,0,0,1930317939129065472,phodenomenal,dcyqt,False,314,517,29549,0
2025-11-08T01:50:31.624483+00:00,2025-11-05_mancity_dortmund,UEFA Champions League,Manchester City,Borussia Dortmund,(Manchester City OR ManCity OR MCFC OR #ManCity) (Dortmund OR BVB OR Borussia OR #BVB OR #Dortmund OR #UCL) lang:de,de,1986206741403750901,2025-11-05T22:59:23.000Z,de,"RT @City_Xtra: GOAL! #ManCity 3-0 Borussia Dortmund, Phil Foden! [56’] #UCL",1986206741403750901,False,,40,0,0,0,1930317939129065472,phodenomenal,dcyqt,False,314,517,29549,0
2025-11-08T01:50:31.624483+00:00,2025-11-05_mancity_dortmund,UEFA Champions League,Manchester City,Borussia Dortmund,(Manchester City OR ManCity OR MCFC OR #ManCity) (Dortmund OR BVB OR Borussia OR #BVB OR #Dortmund OR #UCL) lang:de,de,1986206655063716012,2025-11-05T22:59:03.000Z,de,RT @RNBVB: 🏆 Der #BVB ist beim 1:4 gegen #ManchesterCity nur in den ersten 15 Minuten auf Augenhöhe - und bleibt gegen Top-Teams ohne Sieg.…,1986206655063716012,False,,2,0,0,0,1379445605240569857,GebhardtCedric,Cedric Gebhardt,False,510,184,2116,10
2025-11-08T01:50:31.624483+00:00,2025-11-05_mancity_dortmund,UEFA Champions League,Manchester City,Borussia Dortmund,(Manchester City OR ManCity OR MCFC OR #ManCity) (Dortmund OR BVB OR Borussia OR #BVB OR #Dortmund OR #UCL) lang:de,de,1986206509861072981,2025-11-05T22:58:28.000Z,de,"🏆 Der #BVB ist beim 1:4 gegen #ManchesterCity nur in den ersten 15 Minuten auf Augenhöhe - und bleibt gegen Top-Teams ohne Sieg. 

🧮 Die #MCIBVB-Analyse von @GebhardtCedric (RN+): https://t.co/qFylG1Hro5",1986206509861072981,False,,2,2,14,0,2381887483,RNBVB,Ruhr Nachrichten BVB,False,90945,51,59527,604
2025-11-08T01:50:31.624483+00:00,2025-11-05_mancity_dortmund,UEFA Champions League,Manchester City,Borussia Dortmund,(Manchester City OR ManCity OR MCFC OR #ManCity) (Dortmund OR BVB OR Borussia OR #BVB OR #Dortmund OR #UCL) lang:de,de,1986206357775601833,2025-11-05T22:57:52.000Z,de,"Hab dieses 4-1 zwischen bvb und mancity so gespürt heute morgen, das ist unglaublich.",1986206357775601833,False,,0,0,6,0,1354066531408338944,elenax02,Elena,False,752,2516,1262,0
2025-11-08T01:50:31.624483+00:00,2025-11-05_mancity_dortmund,UEFA Champions League,Manchester City,Borussia Dortmund,(Manchester City OR ManCity OR MCFC OR #ManCity) (Dortmund OR BVB OR Borussia OR #BVB OR #Dortmund OR #UCL) lang:de,de,1986206242847518813,2025-11-05T22:57:24.000Z,de,"RT @premierleague: ⚽️⚽️ Phil Foden x2 
⚽️ Erling Haaland x1
⚽️ Rayan Cherki x1 

@ManCity beat Dortmund 4-1 in the #UCL! https://t.co/quDXo…",1986206242847518813,False,,820,0,0,0,1418853961021415428,walexxy001,walexxy,False,621,766,47969,1
2025-11-08T01:50:31.624483+00:00,2025-11-05_mancity_dortmund,UEFA Champions League,Manchester City,Borussia Dortmund,(Manchester City OR ManCity OR MCFC OR #ManCity) (Dortmund OR BVB OR Borussia OR #BVB OR #Dortmund OR #UCL) lang:de,de,1986206004011282509,2025-11-05T22:56:27.000Z,de,"RT @premierleague: ⚽️⚽️ Phil Foden x2 
⚽️ Erling Haaland x1
⚽️ Rayan Cherki x1 

@ManCity beat Dortmund 4-1 in the #UCL! https://t.co/quDXo…",1986206004011282509,False,,820,0,0,0,1948868688586690560,kamila80834,Bobbie Rae,False,35,340,2788,0
2025-11-08T01:50:31.624483+00:00,2025-11-05_mancity_dortmund,UEFA Champions League,Manchester City,Borussia Dortmund,(Manchester City OR ManCity OR MCFC OR #ManCity) (Dortmund OR BVB OR Borussia OR #BVB OR #Dortmund OR #UCL) lang:de,de,1986205952584884563,2025-11-05T22:56:15.000Z,de,"RT @premierleague: ⚽️⚽️ Phil Foden x2 
⚽️ Erling Haaland x1
⚽️ Rayan Cherki x1 

@ManCity beat Dortmund 4-1 in the #UCL! https://t.co/quDXo…",1986205952584884563,False,,820,0,0,0,1556428209406754817,Aleeyu676353272,Alee_X,False,33,426,3831,0
2025-11-08T01:50:31.624483+00:00,2025-11-05_mancity_dortmund,UEFA Champions League,Manchester City,Borussia Dortmund,(Manchester City OR ManCity OR MCFC OR #ManCity) (Dortmund OR BVB OR Borussia OR #BVB OR #Dortmund OR #UCL) lang:de,de,1986205925917499896,2025-11-05T22:56:09.000Z,de,"RT @premierleague: ⚽️⚽️ Phil Foden x2 
⚽️ Erling Haaland x1
⚽️ Rayan Cherki x1 

@ManCity beat Dortmund 4-1 in the #UCL! https://t.co/quDXo…",1986205925917499896,False,,820,0,0,0,1814605435971760129,lowkeypaaa,lowkey,False,199,265,64742,0
2025-11-08T01:50:31.624483+00:00,2025-11-05_mancity_dortmund,UEFA Champions League,Manchester City,Borussia Dortmund,(Manchester City OR ManCity OR MCFC OR #ManCity) (Dortmund OR BVB OR Borussia OR #BVB OR #Dortmund OR #UCL) lang:de,de,1986205863577584076,2025-11-05T22:55:54.000Z,de,"RT @premierleague: ⚽️⚽️ Phil Foden x2 
⚽️ Erling Haaland x1
⚽️ Rayan Cherki x1 

@ManCity beat Dortmund 4-1 in the #UCL! https://t.co/quDXo…",1986205863577584076,False,,820,0,0,0,1372468297355120640,SungjinwooQ8,KDB17,False,499,3237,38224,3
2025-11-08T01:50:31.624483+00:00,2025-11-05_mancity_dortmund,UEFA Champions League,Manchester City,Borussia Dortmund,(Manchester City OR ManCity OR MCFC OR #ManCity) (Dortmund OR BVB OR Borussia OR #BVB OR #Dortmund OR #UCL) lang:de,de,1986205789761974456,2025-11-05T22:55:36.000Z,de,"RT @premierleague: ⚽️⚽️ Phil Foden x2 
⚽️ Erling Haaland x1
⚽️ Rayan Cherki x1 

@ManCity beat Dortmund 4-1 in the #UCL! https://t.co/quDXo…",1986205789761974456,False,,820,0,0,0,1709224976212008960,MCFCFxden,𒆙,False,244,1335,7271,1
2025-11-08T01:50:31.624483+00:00,2025-11-05_mancity_dortmund,UEFA Champions League,Manchester City,Borussia Dortmund,(Manchester City OR ManCity OR MCFC OR #ManCity) (Dortmund OR BVB OR Borussia OR #BVB OR #Dortmund OR #UCL) lang:de,de,1986205595490537530,2025-11-05T22:54:50.000Z,de,"RT @premierleague: ⚽️⚽️ Phil Foden x2 
⚽️ Erling Haaland x1
⚽️ Rayan Cherki x1 

@ManCity beat Dortmund 4-1 in the #UCL! https://t.co/quDXo…",1986205595490537530,False,,820,0,0,0,2148802956,mudamuda0911,シュンスケェェェェエ！,False,306,704,180840,4
2025-11-08T01:50:31.624483+00:00,2025-11-05_mancity_dortmund,UEFA Champions League,Manchester City,Borussia Dortmund,(Manchester City OR ManCity OR MCFC OR #ManCity) (Dortmund OR BVB OR Borussia OR #BVB OR #Dortmund OR #UCL) lang:de,de,1986205576553242804,2025-11-05T22:54:46.000Z,de,"RT @City_Xtra: GOAL! #ManCity 1-0 Borussia Dortmund, Phil Foden! [22’] #UCL",1986205576553242804,False,,74,0,0,0,802001678954283008,daryiljohnson30,daryil andrew 🇺🇦🇮🇱,False,1552,5873,663887,6
2025-11-08T01:50:31.624483+00:00,2025-11-05_mancity_dortmund,UEFA Champions League,Manchester City,Borussia Dortmund,(Manchester City OR ManCity OR MCFC OR #ManCity) (Dortmund OR BVB OR Borussia OR #BVB OR #Dortmund OR #UCL) lang:de,de,1986205429941342363,2025-11-05T22:54:11.000Z,de,"RT @Cooperativa: [VIDEO] Foden, Haaland y Cherki lideraron la goleada de Manchester City sobre Borussia Dortmund #Cooperativa90 https://t.c…",1986205429941342363,False,,1,0,0,0,512329706,FabiParraguezM,Fabián Parraguez,False,11263,90,1586564,23
2025-11-08T01:50:31.624483+00:00,2025-11-05_mancity_dortmund,UEFA Champions League,Manchester City,Borussia Dortmund,(Manchester City OR ManCity OR MCFC OR #ManCity) (Dortmund OR BVB OR Borussia OR #BVB OR #Dortmund OR #UCL) lang:de,de,1986205336668094602,2025-11-05T22:53:48.000Z,de,"RT @premierleague: ⚽️⚽️ Phil Foden x2 
⚽️ Erling Haaland x1
⚽️ Rayan Cherki x1 

@ManCity beat Dortmund 4-1 in the #UCL! https://t.co/quDXo…",1986205336668094602,False,,820,0,0,0,349712103,lifeof0stress,Ope Yemi,False,420,1514,16634,2
2025-11-08T01:50:31.624483+00:00,2025-11-05_mancity_dortmund,UEFA Champions League,Manchester City,Borussia Dortmund,(Manchester City OR ManCity OR MCFC OR #ManCity) (Dortmund OR BVB OR Borussia OR #BVB OR #Dortmund OR #UCL) lang:de,de,1986205191184478402,2025-11-05T22:53:14.000Z,de,"Hab heute das erste mal ein richtig starkes bauchgefühl gehabt, was das Spiel Mancity gegen dortmund angeht. Ihr checkt nicht wie stark ich dieses 4-1 gespürt habe.",1986205191184478402,False,,0,0,0,0,1946570341637046272,247_foryou,24/7 • Football ⚽️,False,0,0,8,0
2025-11-08T01:50:31.624483+00:00,2025-11-05_mancity_dortmund,UEFA Champions League,Manchester City,Borussia Dortmund,(Manchester City OR ManCity OR MCFC OR #ManCity) (Dortmund OR BVB OR Borussia OR #BVB OR #Dortmund OR #UCL) lang:de,de,1986205090726760919,2025-11-05T22:52:50.000Z,de,"RT @premierleague: ⚽️⚽️ Phil Foden x2 
⚽️ Erling Haaland x1
⚽️ Rayan Cherki x1 

@ManCity beat Dortmund 4-1 in the #UCL! https://t.co/quDXo…",1986205090726760919,False,,820,0,0,0,1049541902058565633,TyMarvee,OMOTAYO🎭,False,1521,1312,166008,2
2025-11-08T01:50:31.624483+00:00,2025-11-05_mancity_dortmund,UEFA Champions League,Manchester City,Borussia Dortmund,(Manchester City OR ManCity OR MCFC OR #ManCity) (Dortmund OR BVB OR Borussia OR #BVB OR #Dortmund OR #UCL) lang:de,de,1986204901228355860,2025-11-05T22:52:05.000Z,de,"RT @premierleague: ⚽️⚽️ Phil Foden x2 
⚽️ Erling Haaland x1
⚽️ Rayan Cherki x1 

@ManCity beat Dortmund 4-1 in the #UCL! https://t.co/quDXo…",1986204901228355860,False,,820,0,0,0,1464892365706039300,AbuBaka92914147,Abu Bakarr Tarawallie,False,33,57,362,0
2025-11-08T01:50:31.624483+00:00,2025-11-05_mancity_dortmund,UEFA Champions League,Manchester City,Borussia Dortmund,(Manchester City OR ManCity OR MCFC OR #ManCity) (Dortmund OR BVB OR Borussia OR #BVB OR #Dortmund OR #UCL) lang:de,de,1986204865173852208,2025-11-05T22:51:56.000Z,de,"RT @premierleague: ⚽️⚽️ Phil Foden x2 
⚽️ Erling Haaland x1
⚽️ Rayan Cherki x1 

@ManCity beat Dortmund 4-1 in the #UCL! https://t.co/quDXo…",1986204865173852208,False,,820,0,0,0,1503040050333982733,Henry_MCFC,Henry,False,1365,730,30215,1
2025-11-08T01:50:31.624483+00:00,2025-11-05_mancity_dortmund,UEFA Champions League,Manchester City,Borussia Dortmund,(Manchester City OR ManCity OR MCFC OR #ManCity) (Dortmund OR BVB OR Borussia OR #BVB OR #Dortmund OR #UCL) lang:de,de,1986204535488926155,2025-11-05T22:50:37.000Z,de,"RT @premierleague: ⚽️⚽️ Phil Foden x2 
⚽️ Erling Haaland x1
⚽️ Rayan Cherki x1 

@ManCity beat Dortmund 4-1 in the #UCL! https://t.co/quDXo…",1986204535488926155,False,,820,0,0,0,1945970015452229632,Owen_Coope,Owen Cooper,False,54,279,3291,0
2025-11-08T01:50:31.624483+00:00,2025-11-05_mancity_dortmund,UEFA Champions League,Manchester City,Borussia Dortmund,(Manchester City OR ManCity OR MCFC OR #ManCity) (Dortmund OR BVB OR Borussia OR #BVB OR #Dortmund OR #UCL) lang:de,de,1986204420107911195,2025-11-05T22:50:10.000Z,de,Mutiger BVB kassiert Klatsche gegen ManCity - Leverkusen mauert sich zum Sieg https://t.co/sszG6s0CYJ,1986204420107911195,False,,0,0,1,0,5494392,focusonline,FOCUS online,False,790150,106,309570,2559
2025-11-08T01:50:31.624483+00:00,2025-11-05_mancity_dortmund,UEFA Champions League,Manchester City,Borussia Dortmund,(Manchester City OR ManCity OR MCFC OR #ManCity) (Dortmund OR BVB OR Borussia OR #BVB OR #Dortmund OR #UCL) lang:de,de,1986203943584645213,2025-11-05T22:48:16.000Z,de,"RT @premierleague: ⚽️⚽️ Phil Foden x2 
⚽️ Erling Haaland x1
⚽️ Rayan Cherki x1 

@ManCity beat Dortmund 4-1 in the #UCL! https://t.co/quDXo…",1986203943584645213,False,,820,0,0,0,1843675634066657280,SHumble98244,Samuel humble,False,242,586,3910,0
2025-11-08T01:50:31.624483+00:00,2025-11-05_mancity_dortmund,UEFA Champions League,Manchester City,Borussia Dortmund,(Manchester City OR ManCity OR MCFC OR #ManCity) (Dortmund OR BVB OR Borussia OR #BVB OR #Dortmund OR #UCL) lang:de,de,1986203864517755158,2025-11-05T22:47:57.000Z,de,"RT @premierleague: ⚽️⚽️ Phil Foden x2 
⚽️ Erling Haaland x1
⚽️ Rayan Cherki x1 

@ManCity beat Dortmund 4-1 in the #UCL! https://t.co/quDXo…",1986203864517755158,False,,820,0,0,0,1861429537097048064,official_emtee_,Patrick,False,481,845,12381,0
2025-11-08T01:50:31.624483+00:00,2025-11-05_mancity_dortmund,UEFA Champions League,Manchester City,Borussia Dortmund,(Manchester City OR ManCity OR MCFC OR #ManCity) (Dortmund OR BVB OR Borussia OR #BVB OR #Dortmund OR #UCL) lang:de,de,1986203699249590708,2025-11-05T22:47:18.000Z,de,"RT @premierleague: ⚽️⚽️ Phil Foden x2 
⚽️ Erling Haaland x1
⚽️ Rayan Cherki x1 

@ManCity beat Dortmund 4-1 in the #UCL! https://t.co/quDXo…",1986203699249590708,False,,820,0,0,0,1514004338435407874,abelson_andy,Abelson,False,25,130,1600,0
2025-11-08T01:50:31.624483+00:00,2025-11-05_mancity_dortmund,UEFA Champions League,Manchester City,Borussia Dortmund,(Manchester City OR ManCity OR MCFC OR #ManCity) (Dortmund OR BVB OR Borussia OR #BVB OR #Dortmund OR #UCL) lang:de,de,1986203674146660359,2025-11-05T22:47:12.000Z,de,"RT @premierleague: ⚽️⚽️ Phil Foden x2 
⚽️ Erling Haaland x1
⚽️ Rayan Cherki x1 

@ManCity beat Dortmund 4-1 in the #UCL! https://t.co/quDXo…",1986203674146660359,False,,820,0,0,0,2626083299,peludos123,pludo,False,246,691,18332,5
2025-11-08T01:50:31.624483+00:00,2025-11-05_mancity_dortmund,UEFA Champions League,Manchester City,Borussia Dortmund,(Manchester City OR ManCity OR MCFC OR #ManCity) (Dortmund OR BVB OR Borussia OR #BVB OR #Dortmund OR #UCL) lang:de,de,1986203496991858931,2025-11-05T22:46:30.000Z,de,"RT @AroooBVB: ⏹️Abpfiff! ManCity 4:1 BVB

Verdiente Niederlage. 
Auswärts bei einem Top5 Klub der Welt zu verlieren,  ist keine schande.
In…",1986203496991858931,False,,5,0,0,0,3406683094,GoodKidManCity,Les,False,4651,350,533160,56
2025-11-08T01:50:31.624483+00:00,2025-11-05_mancity_dortmund,UEFA Champions League,Manchester City,Borussia Dortmund,(Manchester City OR ManCity OR MCFC OR #ManCity) (Dortmund OR BVB OR Borussia OR #BVB OR #Dortmund OR #UCL) lang:de,de,1986203450091446537,2025-11-05T22:46:19.000Z,de,"RT @premierleague: ⚽️⚽️ Phil Foden x2 
⚽️ Erling Haaland x1
⚽️ Rayan Cherki x1 

@ManCity beat Dortmund 4-1 in the #UCL! https://t.co/quDXo…",1986203450091446537,False,,820,0,0,0,1468196945852350466,bernybee_300,#Bërnżÿ,False,72,663,8141,2
2025-11-08T01:50:31.624483+00:00,2025-11-05_mancity_dortmund,UEFA Champions League,Manchester City,Borussia Dortmund,(Manchester City OR ManCity OR MCFC OR #ManCity) (Dortmund OR BVB OR Borussia OR #BVB OR #Dortmund OR #UCL) lang:de,de,1986203376477200844,2025-11-05T22:46:01.000Z,de,"RT @premierleague: ⚽️⚽️ Phil Foden x2 
⚽️ Erling Haaland x1
⚽️ Rayan Cherki x1 

@ManCity beat Dortmund 4-1 in the #UCL! https://t.co/quDXo…",1986203376477200844,False,,820,0,0,0,1845059508873068545,Sydney794584436,Sydney,False,929,427,124359,0
2025-11-08T01:50:31.624483+00:00,2025-11-05_mancity_dortmund,UEFA Champions League,Manchester City,Borussia Dortmund,(Manchester City OR ManCity OR MCFC OR #ManCity) (Dortmund OR BVB OR Borussia OR #BVB OR #Dortmund OR #UCL) lang:de,de,1986203358630129887,2025-11-05T22:45:57.000Z,de,"RT @premierleague: ⚽️⚽️ Phil Foden x2 
⚽️ Erling Haaland x1
⚽️ Rayan Cherki x1 

@ManCity beat Dortmund 4-1 in the #UCL! https://t.co/quDXo…",1986203358630129887,False,,820,0,0,0,1700670936112877568,kelvinamih12345,Kelvin💙,False,472,203,134836,0
2025-11-08T01:50:31.624483+00:00,2025-11-05_mancity_dortmund,UEFA Champions League,Manchester City,Borussia Dortmund,(Manchester City OR ManCity OR MCFC OR #ManCity) (Dortmund OR BVB OR Borussia OR #BVB OR #Dortmund OR #UCL) lang:de,de,1986203212064707020,2025-11-05T22:45:22.000Z,de,"RT @premierleague: ⚽️⚽️ Phil Foden x2 
⚽️ Erling Haaland x1
⚽️ Rayan Cherki x1 

@ManCity beat Dortmund 4-1 in the #UCL! https://t.co/quDXo…",1986203212064707020,False,,820,0,0,0,2953475515,JerryW0524,JerryW(永遠のあくあクルー⚓️),False,600,6071,50160,20
2025-11-08T01:50:31.624483+00:00,2025-11-05_mancity_dortmund,UEFA Champions League,Manchester City,Borussia Dortmund,(Manchester City OR ManCity OR MCFC OR #ManCity) (Dortmund OR BVB OR Borussia OR #BVB OR #Dortmund OR #UCL) lang:de,de,1986202853288157524,2025-11-05T22:43:56.000Z,de,"RT @premierleague: ⚽️⚽️ Phil Foden x2 
⚽️ Erling Haaland x1
⚽️ Rayan Cherki x1 

@ManCity beat Dortmund 4-1 in the #UCL! https://t.co/quDXo…",1986202853288157524,False,,820,0,0,0,1588843172414775300,Beyipowagadgets,BEYI POWA PR GADGETS🇺🇬,False,1441,143,44040,1

2025-11-08T02:08:45.172732+00:00,2025-11-05_mancity_dortmund,UEFA Champions League,Manchester City,Borussia Dortmund,(Manchester City OR ManCity OR MCFC OR #ManCity) (Dortmund OR BVB OR Borussia OR #BVB OR #Dortmund OR #UCL) lang:de,de,1986923455426510928,2025-11-07T22:27:21.000Z,de,"RT @premierleague: ⚽️⚽️ Phil Foden x2 
⚽️ Erling Haaland x1
⚽️ Rayan Cherki x1 

@ManCity beat Dortmund 4-1 in the #UCL! https://t.co/quDXo…",1986923455426510928,False,,820,0,0,0,1959404634239270913,OscarTurne_r3,Oscar Turner,False,37,182,645,0
2025-11-08T02:08:45.172732+00:00,2025-11-05_mancity_dortmund,UEFA Champions League,Manchester City,Borussia Dortmund,(Manchester City OR ManCity OR MCFC OR #ManCity) (Dortmund OR BVB OR Borussia OR #BVB OR #Dortmund OR #UCL) lang:de,de,1986908661092909274,2025-11-07T21:28:34.000Z,de,"RT @premierleague: ⚽️⚽️ Phil Foden x2 
⚽️ Erling Haaland x1
⚽️ Rayan Cherki x1 

@ManCity beat Dortmund 4-1 in the #UCL! https://t.co/quDXo…",1986908661092909274,False,,820,0,0,0,1925231036889272320,Johnny_Dep78,Johnny Depp,False,69,254,5191,0
2025-11-08T02:08:45.172732+00:00,2025-11-05_mancity_dortmund,UEFA Champions League,Manchester City,Borussia Dortmund,(Manchester City OR ManCity OR MCFC OR #ManCity) (Dortmund OR BVB OR Borussia OR #BVB OR #Dortmund OR #UCL) lang:de,de,1986895850292093352,2025-11-07T20:37:40.000Z,de,"RT @premierleague: ⚽️⚽️ Phil Foden x2 
⚽️ Erling Haaland x1
⚽️ Rayan Cherki x1 

@ManCity beat Dortmund 4-1 in the #UCL! https://t.co/quDXo…",1986895850292093352,False,,820,0,0,0,1927352239514865664,NickJonas_8767,Noel,False,78,520,4266,0
2025-11-08T02:08:45.172732+00:00,2025-11-05_mancity_dortmund,UEFA Champions League,Manchester City,Borussia Dortmund,(Manchester City OR ManCity OR MCFC OR #ManCity) (Dortmund OR BVB OR Borussia OR #BVB OR #Dortmund OR #UCL) lang:de,de,1986893130289885611,2025-11-07T20:26:51.000Z,de,"RT @premierleague: ⚽️⚽️ Phil Foden x2 
⚽️ Erling Haaland x1
⚽️ Rayan Cherki x1 

@ManCity beat Dortmund 4-1 in the #UCL! https://t.co/quDXo…",1986893130289885611,False,,820,0,0,0,1908518115497181184,justtnic6,justtnic,False,54,361,8582,0
2025-11-08T02:08:45.172732+00:00,2025-11-05_mancity_dortmund,UEFA Champions League,Manchester City,Borussia Dortmund,(Manchester City OR ManCity OR MCFC OR #ManCity) (Dortmund OR BVB OR Borussia OR #BVB OR #Dortmund OR #UCL) lang:de,de,1986881522234978482,2025-11-07T19:40:44.000Z,de,"RT @premierleague: ⚽️⚽️ Phil Foden x2 
⚽️ Erling Haaland x1
⚽️ Rayan Cherki x1 

@ManCity beat Dortmund 4-1 in the #UCL! https://t.co/quDXo…",1986881522234978482,False,,820,0,0,0,1743294223992950784,BaileyDean89076,Richard Dean Bailey,False,69,124,1423,0
2025-11-08T02:08:45.172732+00:00,2025-11-05_mancity_dortmund,UEFA Champions League,Manchester City,Borussia Dortmund,(Manchester City OR ManCity OR MCFC OR #ManCity) (Dortmund OR BVB OR Borussia OR #BVB OR #Dortmund OR #UCL) lang:de,de,1986879745334952230,2025-11-07T19:33:40.000Z,de,"RT @premierleague: ⚽️⚽️ Phil Foden x2 
⚽️ Erling Haaland x1
⚽️ Rayan Cherki x1 

@ManCity beat Dortmund 4-1 in the #UCL! https://t.co/quDXo…",1986879745334952230,False,,820,0,0,0,1801587345906401280,ShaikhaMarafi,Shaikha Marafi,False,97,168,1575,0
2025-11-08T02:08:45.172732+00:00,2025-11-05_mancity_dortmund,UEFA Champions League,Manchester City,Borussia Dortmund,(Manchester City OR ManCity OR MCFC OR #ManCity) (Dortmund OR BVB OR Borussia OR #BVB OR #Dortmund OR #UCL) lang:de,de,1986873108608000172,2025-11-07T19:07:18.000Z,de,"RT @premierleague: ⚽️⚽️ Phil Foden x2 
⚽️ Erling Haaland x1
⚽️ Rayan Cherki x1 

@ManCity beat Dortmund 4-1 in the #UCL! https://t.co/quDXo…",1986873108608000172,False,,820,0,0,0,1985958815565824001,LateefKhan87311,Lateef Khan,False,1,5,354,0
2025-11-08T02:08:45.172732+00:00,2025-11-05_mancity_dortmund,UEFA Champions League,Manchester City,Borussia Dortmund,(Manchester City OR ManCity OR MCFC OR #ManCity) (Dortmund OR BVB OR Borussia OR #BVB OR #Dortmund OR #UCL) lang:de,de,1986870578309890090,2025-11-07T18:57:14.000Z,de,"RT @premierleague: ⚽️⚽️ Phil Foden x2 
⚽️ Erling Haaland x1
⚽️ Rayan Cherki x1 

@ManCity beat Dortmund 4-1 in the #UCL! https://t.co/quDXo…",1986870578309890090,False,,820,0,0,0,1950330780506607620,Steve_Flathers,Steve Flathers,False,54,385,2876,0
2025-11-08T02:08:45.172732+00:00,2025-11-05_mancity_dortmund,UEFA Champions League,Manchester City,Borussia Dortmund,(Manchester City OR ManCity OR MCFC OR #ManCity) (Dortmund OR BVB OR Borussia OR #BVB OR #Dortmund OR #UCL) lang:de,de,1986869409563152692,2025-11-07T18:52:36.000Z,de,"RT @premierleague: ⚽️⚽️ Phil Foden x2 
⚽️ Erling Haaland x1
⚽️ Rayan Cherki x1 

@ManCity beat Dortmund 4-1 in the #UCL! https://t.co/quDXo…",1986869409563152692,False,,820,0,0,0,1307771140123758592,Agung0177,Agung_7,False,15,718,5397,0
2025-11-08T02:08:45.172732+00:00,2025-11-05_mancity_dortmund,UEFA Champions League,Manchester City,Borussia Dortmund,(Manchester City OR ManCity OR MCFC OR #ManCity) (Dortmund OR BVB OR Borussia OR #BVB OR #Dortmund OR #UCL) lang:de,de,1986861946063249797,2025-11-07T18:22:56.000Z,de,"RT @premierleague: ⚽️⚽️ Phil Foden x2 
⚽️ Erling Haaland x1
⚽️ Rayan Cherki x1 

@ManCity beat Dortmund 4-1 in the #UCL! https://t.co/quDXo…",1986861946063249797,False,,820,0,0,0,1946696713265397760,CBosson5,Charles Bosson,False,33,262,1619,0
